/*
SQLyog 企业版 - MySQL GUI v8.14 
MySQL - 5.1.72-community : Database - ctrl_db
*********************************************************************
*/

/*!40101 SET NAMES utf8 */;

/*!40101 SET SQL_MODE=''*/;

/*!40014 SET @OLD_UNIQUE_CHECKS=@@UNIQUE_CHECKS, UNIQUE_CHECKS=0 */;
/*!40014 SET @OLD_FOREIGN_KEY_CHECKS=@@FOREIGN_KEY_CHECKS, FOREIGN_KEY_CHECKS=0 */;
/*!40101 SET @OLD_SQL_MODE=@@SQL_MODE, SQL_MODE='NO_AUTO_VALUE_ON_ZERO' */;
/*!40111 SET @OLD_SQL_NOTES=@@SQL_NOTES, SQL_NOTES=0 */;
CREATE DATABASE /*!32312 IF NOT EXISTS*/`ctrl_db` /*!40100 DEFAULT CHARACTER SET gbk */;

USE `ctrl_db`;

/*Table structure for table `pub_ddv` */

DROP TABLE IF EXISTS `pub_ddv`;

CREATE TABLE `pub_ddv` (
  `DDV_ID` bigint(12) NOT NULL AUTO_INCREMENT,
  `DDV_CODE` varchar(12) CHARACTER SET utf8 COLLATE utf8_bin NOT NULL,
  `TABLE_NAME` varchar(60) DEFAULT NULL,
  `FIELD_NAME` varchar(60) DEFAULT NULL,
  `VALUE` varchar(60) DEFAULT NULL,
  `CREATE_TIME` datetime NOT NULL,
  `UPDATE_TIME` datetime NOT NULL,
  `DELETE_STATE` tinyint(1) NOT NULL COMMENT '1表示删除，0标识正常',
  `NOTES` varchar(255) DEFAULT NULL,
  PRIMARY KEY (`DDV_ID`),
  KEY `IND_PDV_DDV_CODE` (`DDV_CODE`,`DELETE_STATE`)
) ENGINE=InnoDB AUTO_INCREMENT=76 DEFAULT CHARSET=utf8;

/*Data for the table `pub_ddv` */

insert  into `pub_ddv`(`DDV_ID`,`DDV_CODE`,`TABLE_NAME`,`FIELD_NAME`,`VALUE`,`CREATE_TIME`,`UPDATE_TIME`,`DELETE_STATE`,`NOTES`) values (1,'1','pub_org','ORG_TYPE_ID','机构类型1','2014-03-15 22:43:38','2014-03-15 22:43:38',0,''),(2,'2','pub_org','ORG_TYPE_ID','机构类型2','2014-03-15 22:43:38','2014-03-15 22:43:38',0,''),(3,'3','pub_org','ORG_TYPE_ID','机构类型3','2014-03-15 22:43:38','2014-03-15 22:43:38',0,''),(4,'A','r_book','SUBJECT_ID','语文','2014-03-15 22:43:38','2014-03-15 22:43:38',0,''),(5,'B','r_book','SUBJECT_ID','数学','2014-03-15 22:43:38','2014-03-15 22:43:38',0,''),(6,'C','r_book','SUBJECT_ID','英语','2014-03-15 22:43:38','2014-03-15 22:43:38',0,''),(7,'D','r_book','SUBJECT_ID','物理','2014-03-15 22:43:38','2014-03-15 22:43:38',0,''),(8,'E','r_book','SUBJECT_ID','化学','2014-03-15 22:43:38','2014-03-15 22:43:38',0,''),(9,'F','r_book','SUBJECT_ID','生物','2014-03-15 22:43:38','2014-03-15 22:43:38',0,''),(10,'G','r_book','SUBJECT_ID','思想品德','2014-03-15 22:43:38','2014-03-15 22:43:38',0,''),(11,'H','r_book','SUBJECT_ID','历史','2014-03-15 22:43:38','2014-03-15 22:43:38',0,''),(12,'I','r_book','SUBJECT_ID','地理','2014-03-15 22:43:38','2014-03-15 22:43:38',0,''),(13,'J','r_book','SUBJECT_ID','音乐','2014-03-15 22:43:38','2014-03-15 22:43:38',0,''),(14,'K','r_book','SUBJECT_ID','体育','2014-03-15 22:43:38','2014-03-15 22:43:38',0,''),(15,'L','r_book','SUBJECT_ID','美术','2014-03-15 22:43:38','2014-03-15 22:43:38',0,''),(16,'M','r_book','SUBJECT_ID','信息技术','2014-03-15 22:43:38','2014-03-15 22:43:38',0,''),(17,'N','r_book','SUBJECT_ID','科学','2014-03-15 22:43:38','2014-03-15 22:43:38',0,''),(18,'O','r_book','SUBJECT_ID','劳动技术','2014-03-15 22:43:38','2014-03-15 22:43:38',0,''),(19,'P','r_book','SUBJECT_ID','通用技术','2014-03-15 22:43:38','2014-03-15 22:43:38',0,''),(20,'Q','r_book','SUBJECT_ID','幼儿园1','2014-03-15 22:43:38','2014-03-15 22:43:38',0,''),(21,'c','r_book','STU_SEG_ID','幼儿园','2014-03-15 22:43:38','2014-03-15 22:43:38',0,''),(22,'d','r_book','STU_SEG_ID','小学','2014-03-15 22:43:38','2014-03-15 22:43:38',0,''),(23,'e','r_book','STU_SEG_ID','初中','2014-03-15 22:43:38','2014-03-15 22:43:38',0,''),(24,'f','r_book','STU_SEG_ID','高中','2014-03-15 22:43:38','2014-03-15 22:43:38',0,''),(25,'01','r_book','CLASS_ID','小班','2014-03-15 22:43:38','2014-03-15 22:43:38',0,''),(26,'02','r_book','CLASS_ID','中班','2014-03-15 22:43:38','2014-03-15 22:43:38',0,''),(27,'03','r_book','CLASS_ID','大班','2014-03-15 22:43:38','2014-03-15 22:43:38',0,''),(28,'01','r_book','CLASS_ID','一年级','2014-03-15 22:43:38','2014-03-15 22:43:38',0,''),(29,'02','r_book','CLASS_ID','二年级','2014-03-15 22:43:38','2014-03-15 22:43:38',0,''),(30,'03','r_book','CLASS_ID','三年级','2014-03-15 22:43:38','2014-03-15 22:43:38',0,''),(31,'04','r_book','CLASS_ID','四年级','2014-03-15 22:43:38','2014-03-15 22:43:38',0,''),(32,'05','r_book','CLASS_ID','五年级','2014-03-15 22:43:38','2014-03-15 22:43:38',0,''),(33,'06','r_book','CLASS_ID','六年级','2014-03-15 22:43:38','2014-03-15 22:43:38',0,''),(34,'07','r_book','CLASS_ID','七年级','2014-03-15 22:43:38','2014-03-15 22:43:38',0,''),(35,'08','r_book','CLASS_ID','八年级','2014-03-15 22:43:38','2014-03-15 22:43:38',0,''),(36,'09','r_book','CLASS_ID','九年级','2014-03-15 22:43:38','2014-03-15 22:43:38',0,''),(37,'a','r_book','CLASS_ID','必修','2014-03-15 22:43:38','2014-03-15 22:43:38',0,'高中'),(38,'b','r_book','CLASS_ID','选修','2014-03-15 22:43:38','2014-03-15 22:43:38',0,'高中'),(39,'c','r_book','CLASS_ID','模块','2014-03-15 22:43:38','2014-03-15 22:43:38',0,'高中'),(40,'a','r_book','KIND_ID','上册','2014-03-15 22:43:38','2014-03-15 22:43:38',0,''),(41,'b','r_book','KIND_ID','下册','2014-03-15 22:43:38','2014-03-15 22:43:38',0,''),(42,'01','r_book','KIND_ID','01','2014-03-15 22:43:38','2014-03-15 22:43:38',0,'高中'),(43,'02','r_book','KIND_ID','02','2014-03-15 22:43:38','2014-03-15 22:43:38',0,'高中'),(44,'03','r_book','KIND_ID','03','2014-03-15 22:43:38','2014-03-15 22:43:38',0,'高中'),(45,'04','r_book','KIND_ID','04','2014-03-15 22:43:38','2014-03-15 22:43:38',0,'高中'),(46,'05','r_book','KIND_ID','05','2014-03-15 22:43:38','2014-03-15 22:43:38',0,'高中'),(47,'06','r_book','KIND_ID','06','2014-03-15 22:43:38','2014-03-15 22:43:38',0,'高中'),(48,'07','r_book','KIND_ID','07','2014-03-15 22:43:38','2014-03-15 22:43:38',0,'高中'),(49,'08','r_book','KIND_ID','08','2014-03-15 22:43:38','2014-03-15 22:43:38',0,'高中'),(50,'09','r_book','KIND_ID','09','2014-03-15 22:43:38','2014-03-15 22:43:38',0,'高中'),(51,'10','r_book','KIND_ID','10','2014-03-15 22:43:38','2014-03-15 22:43:38',0,'高中'),(52,'11','r_book','KIND_ID','11','2014-03-15 22:43:38','2014-03-15 22:43:38',0,'高中'),(53,'12','r_book','KIND_ID','12','2014-03-15 22:43:38','2014-03-15 22:43:38',0,'高中'),(54,'13','r_book','KIND_ID','13','2014-03-15 22:43:38','2014-03-15 22:43:38',0,'高中'),(55,'14','r_book','KIND_ID','14','2014-03-15 22:43:38','2014-03-15 22:43:38',0,'高中'),(56,'15','r_book','KIND_ID','15','2014-03-15 22:43:38','2014-03-15 22:43:38',0,'高中'),(57,'16','r_book','KIND_ID','16','2014-03-15 22:43:38','2014-03-15 22:43:38',0,'高中'),(58,'17','r_book','KIND_ID','17','2014-03-15 22:43:38','2014-03-15 22:43:38',0,'高中'),(59,'18','r_book','KIND_ID','18','2014-03-15 22:43:38','2014-03-15 22:43:38',0,'高中'),(60,'19','r_book','KIND_ID','19','2014-03-15 22:43:38','2014-03-15 22:43:38',0,'高中'),(61,'20','r_book','KIND_ID','20','2014-03-15 22:43:38','2014-03-15 22:43:38',0,'高中'),(62,'32','sys_staff','STAFF_TYPE_ID','超级管理员','2014-03-15 22:43:38','2014-03-15 22:43:38',0,''),(63,'33','sys_staff','STAFF_TYPE_ID','机构管理员','2014-03-15 22:43:38','2014-03-15 22:43:38',0,''),(64,'34','sys_staff','STAFF_TYPE_ID','制作审核用户','2014-03-15 22:43:38','2014-03-15 22:43:38',0,''),(65,'35','sys_staff','STAFF_TYPE_ID','上架审核用户','2014-03-15 22:43:38','2014-03-15 22:43:38',0,''),(66,'38','r_book_res','FORMAT','图片','2014-03-15 22:43:38','2014-03-15 22:43:38',0,''),(67,'39','r_book_res','FORMAT','文档','2014-03-15 22:43:38','2014-03-15 22:43:38',0,''),(68,'38','r_book_res','FORMAT','音频','2014-03-15 22:43:38','2014-03-15 22:43:38',0,''),(69,'39','r_book_res','FORMAT','视频','2014-03-15 22:43:38','2014-03-15 22:43:38',0,''),(70,'40','pub_hardware','HW_TYPE','硬盘','2014-03-15 22:43:39','2014-03-15 22:43:39',0,''),(71,'41','pub_hardware','HW_TYPE','网卡','2014-03-15 22:43:39','2014-03-15 22:43:39',1,''),(72,'42','pub_hardware','HW_TYPE','CPU','2014-03-15 22:43:39','2014-03-15 22:43:39',0,''),(73,'43','sys_staff','STAFF_TYPE_ID','教师备课用户','2014-03-15 22:43:38','2014-03-15 22:43:38',0,''),(74,'R','r_book','SUBJECT_ID','幼儿园2','2014-03-15 22:43:38','2014-03-15 22:43:38',0,''),(75,'S','r_book','SUBJECT_ID','幼儿园3','2014-03-15 22:43:38','2014-03-15 22:43:38',0,'');

/*Table structure for table `pub_hardware` */

DROP TABLE IF EXISTS `pub_hardware`;

CREATE TABLE `pub_hardware` (
  `HW_ID` bigint(12) NOT NULL AUTO_INCREMENT,
  `HW_TYPE` bigint(12) NOT NULL COMMENT '参照PUB_DDV字典值',
  `CODE` varchar(20) NOT NULL,
  `STAFF_ID` bigint(12) DEFAULT NULL COMMENT '对应账号表',
  `CREATE_TIME` datetime NOT NULL,
  `UPDATE_TIME` datetime NOT NULL,
  `DELETE_STATE` tinyint(1) NOT NULL COMMENT '1表示删除，0标识正常',
  `NOTES` varchar(255) DEFAULT NULL,
  PRIMARY KEY (`HW_ID`),
  KEY `IND_PHW_STAFF_ID` (`STAFF_ID`,`DELETE_STATE`),
  KEY `IND_PHW_DELTE_STATE` (`DELETE_STATE`)
) ENGINE=InnoDB AUTO_INCREMENT=19 DEFAULT CHARSET=utf8;

/*Data for the table `pub_hardware` */

/*Table structure for table `pub_hardware_num` */

DROP TABLE IF EXISTS `pub_hardware_num`;

CREATE TABLE `pub_hardware_num` (
  `HW_ID` bigint(12) NOT NULL AUTO_INCREMENT,
  `HW_TYPE` bigint(12) NOT NULL COMMENT '参照PUB_DDV字典值',
  `NUM` tinyint(1) NOT NULL,
  `STAFF_ID` bigint(12) DEFAULT NULL COMMENT '对应账号表',
  `CREATE_TIME` datetime NOT NULL,
  `UPDATE_TIME` datetime NOT NULL,
  `DELETE_STATE` tinyint(1) NOT NULL COMMENT '1表示删除，0标识正常',
  `NOTES` varchar(255) DEFAULT NULL,
  PRIMARY KEY (`HW_ID`),
  KEY `IND_PHW_STAFF_ID` (`STAFF_ID`,`DELETE_STATE`),
  KEY `IND_PHW_DELTE_STATE` (`DELETE_STATE`)
) ENGINE=InnoDB AUTO_INCREMENT=5 DEFAULT CHARSET=utf8;

/*Data for the table `pub_hardware_num` */

insert  into `pub_hardware_num`(`HW_ID`,`HW_TYPE`,`NUM`,`STAFF_ID`,`CREATE_TIME`,`UPDATE_TIME`,`DELETE_STATE`,`NOTES`) values (1,70,0,7,'2024-06-01 04:26:09','2024-06-01 04:26:09',0,''),(2,72,0,7,'2024-06-01 04:26:09','2024-06-01 04:26:09',0,''),(3,70,0,8,'2014-07-02 11:38:20','2014-07-02 11:38:20',0,''),(4,72,0,8,'2014-07-02 11:38:20','2014-07-02 11:38:20',0,'');

/*Table structure for table `pub_org` */

DROP TABLE IF EXISTS `pub_org`;

CREATE TABLE `pub_org` (
  `ORG_ID` bigint(12) NOT NULL AUTO_INCREMENT,
  `ORG_NAME` varchar(60) DEFAULT NULL,
  `ORG_CATA_ID` bigint(12) DEFAULT NULL,
  `ORG_TYPE_ID` bigint(12) DEFAULT NULL COMMENT '参照PUB_DDV字典表,机构包括教育局、学校、其他等',
  `CREATE_TIME` datetime NOT NULL,
  `UPDATE_TIME` datetime NOT NULL,
  `DELETE_STATE` tinyint(1) NOT NULL COMMENT '1表示删除，0标识正常',
  `NOTES` varchar(255) DEFAULT NULL,
  PRIMARY KEY (`ORG_ID`),
  KEY `FK_PUB_ORG_CATA_ID` (`ORG_CATA_ID`),
  CONSTRAINT `FK_PUB_ORG_CATA_ID` FOREIGN KEY (`ORG_CATA_ID`) REFERENCES `pub_org_cata` (`ORG_CATA_ID`)
) ENGINE=InnoDB AUTO_INCREMENT=3 DEFAULT CHARSET=utf8;

/*Data for the table `pub_org` */

insert  into `pub_org`(`ORG_ID`,`ORG_NAME`,`ORG_CATA_ID`,`ORG_TYPE_ID`,`CREATE_TIME`,`UPDATE_TIME`,`DELETE_STATE`,`NOTES`) values (1,'无锡',1,1,'2014-05-18 10:41:43','2014-07-02 11:34:22',0,''),(2,'网络开发部',2,2,'2014-05-29 14:39:25','2014-05-29 14:39:54',0,'');

/*Table structure for table `pub_org_cata` */

DROP TABLE IF EXISTS `pub_org_cata`;

CREATE TABLE `pub_org_cata` (
  `ORG_CATA_ID` bigint(12) NOT NULL AUTO_INCREMENT,
  `CATA_NAME` varchar(60) NOT NULL,
  `PARENT_CATA_ID` bigint(12) DEFAULT NULL,
  `CREATE_TIME` datetime NOT NULL,
  `UPDATE_TIME` datetime NOT NULL,
  `DELETE_STATE` tinyint(1) NOT NULL COMMENT '1表示删除，0标识正常',
  `NOTES` varchar(255) DEFAULT NULL,
  PRIMARY KEY (`ORG_CATA_ID`)
) ENGINE=InnoDB AUTO_INCREMENT=3 DEFAULT CHARSET=utf8;

/*Data for the table `pub_org_cata` */

insert  into `pub_org_cata`(`ORG_CATA_ID`,`CATA_NAME`,`PARENT_CATA_ID`,`CREATE_TIME`,`UPDATE_TIME`,`DELETE_STATE`,`NOTES`) values (1,'江苏省',0,'2014-05-18 10:41:43','2014-07-02 11:33:13',0,''),(2,'凤凰数字传媒',0,'2014-05-29 14:38:42','2014-05-29 14:38:42',0,'凤凰数字传媒');

/*Table structure for table `pub_press` */

DROP TABLE IF EXISTS `pub_press`;

CREATE TABLE `pub_press` (
  `PRESS_ID` bigint(12) NOT NULL AUTO_INCREMENT,
  `NAME` varchar(60) NOT NULL,
  `CODE` varchar(60) CHARACTER SET utf8 COLLATE utf8_bin NOT NULL,
  `CREATE_TIME` datetime NOT NULL,
  `UPDATE_TIME` datetime NOT NULL,
  `DELETE_STATE` tinyint(1) NOT NULL COMMENT '1表示删除，0标识正常',
  `NOTES` varchar(255) DEFAULT NULL,
  PRIMARY KEY (`PRESS_ID`)
) ENGINE=InnoDB AUTO_INCREMENT=13 DEFAULT CHARSET=utf8;

/*Data for the table `pub_press` */

insert  into `pub_press`(`PRESS_ID`,`NAME`,`CODE`,`CREATE_TIME`,`UPDATE_TIME`,`DELETE_STATE`,`NOTES`) values (1,'苏教版','sj','2014-03-15 22:43:38','2014-03-15 22:43:38',0,''),(2,'译林版','yl','2014-03-15 22:43:38','2014-03-15 22:43:38',0,''),(3,'苏少版','ss','2014-03-15 22:43:38','2014-03-15 22:43:38',0,''),(4,'苏科版','sk','2014-03-15 22:43:38','2014-03-15 22:43:38',0,''),(5,'人教版','rj','2014-03-15 22:43:38','2014-03-15 22:43:38',0,''),(6,'苏人版','sr','2014-03-15 22:43:38','2014-03-15 22:43:38',0,''),(7,'人美版','rm','2014-03-15 22:43:38','2014-03-15 22:43:38',0,''),(8,'人民版','RM','2014-03-15 22:43:38','2014-03-15 22:43:38',0,''),(9,'人音版','rv','2014-03-15 22:43:38','2014-03-15 22:43:38',0,''),(10,'地图版','dt','2014-03-15 22:43:38','2014-03-15 22:43:38',0,''),(11,'华师版','hs','2014-03-15 22:43:38','2014-03-15 22:43:38',0,''),(12,'冀教版','jj','2014-03-15 22:43:38','2014-03-15 22:43:38',0,'');

/*Table structure for table `pub_server_addr` */

DROP TABLE IF EXISTS `pub_server_addr`;

CREATE TABLE `pub_server_addr` (
  `SADDR_ID` bigint(12) NOT NULL AUTO_INCREMENT,
  `ORG_ID` bigint(12) NOT NULL COMMENT '外键表PUB_ORG',
  `NET_TYPE` varchar(20) NOT NULL,
  `DB_SER_IP` varchar(15) NOT NULL,
  `DB_NAME` varchar(15) NOT NULL,
  `USER_NAME` varchar(15) NOT NULL,
  `PASSWORD` varchar(15) NOT NULL,
  `DB_STRING` varchar(60) NOT NULL,
  `BOOK_SER_IP` varchar(15) NOT NULL,
  `BOOK_SER_PORT` int(10) NOT NULL,
  `BOOK_DIR` varchar(255) NOT NULL,
  `RES_DIR` varchar(255) NOT NULL,
  `APP_SER_IP` varchar(15) NOT NULL,
  `APP_USER_NAME` varchar(15) NOT NULL,
  `APP_PASSWORD` varchar(15) NOT NULL,
  `CREATE_TIME` datetime NOT NULL,
  `UPDATE_TIME` datetime NOT NULL,
  `DELETE_STATE` tinyint(1) NOT NULL COMMENT '1表示删除，0标识正常',
  `NOTES` varchar(255) DEFAULT NULL,
  PRIMARY KEY (`SADDR_ID`),
  UNIQUE KEY `IND_PSA_ORG_ID` (`ORG_ID`,`NET_TYPE`,`DELETE_STATE`)
) ENGINE=InnoDB AUTO_INCREMENT=3 DEFAULT CHARSET=utf8;

/*Data for the table `pub_server_addr` */

insert  into `pub_server_addr`(`SADDR_ID`,`ORG_ID`,`NET_TYPE`,`DB_SER_IP`,`DB_NAME`,`USER_NAME`,`PASSWORD`,`DB_STRING`,`BOOK_SER_IP`,`BOOK_SER_PORT`,`BOOK_DIR`,`RES_DIR`,`APP_SER_IP`,`APP_USER_NAME`,`APP_PASSWORD`,`CREATE_TIME`,`UPDATE_TIME`,`DELETE_STATE`,`NOTES`) values (1,1,'OUT_NET','180.97.46.18','phoenixCloud','root','lySin@mANa84','','180.97.46.18',80,'D:\\book\\','D:\\res\\','180.97.46.18','','','2014-03-15 22:43:38','2014-03-15 22:43:38',0,''),(2,1,'IN_NET','10.2.176.201','phoenixCloud','root','lySin@mANa84','','10.2.176.201',80,'D:\\book\\','D:\\res\\','10.2.176.201','','','2014-03-15 22:43:38','2014-03-15 22:43:38',0,'');

/*Table structure for table `sys_log` */

DROP TABLE IF EXISTS `sys_log`;

CREATE TABLE `sys_log` (
  `LOG_ID` bigint(18) NOT NULL AUTO_INCREMENT,
  `LOG_TYPE_ID` bigint(12) NOT NULL COMMENT '参照PUB_DDV表',
  `FUNCTION_ID` bigint(12) NOT NULL COMMENT '参照PUB_DDV表',
  `CONTENT` varchar(1000) CHARACTER SET gbk COLLATE gbk_bin DEFAULT NULL,
  `STAFF_ID` bigint(12) NOT NULL,
  `CREATE_TIME` datetime NOT NULL,
  `UPDATE_TIME` datetime NOT NULL,
  `DELETE_STATE` tinyint(1) NOT NULL COMMENT '1表示删除，0标识正常',
  `NOTES` varchar(255) DEFAULT NULL,
  PRIMARY KEY (`LOG_ID`),
  KEY `FK_FK_SYS_LOG_STAFF_ID` (`STAFF_ID`),
  CONSTRAINT `FK_FK_SYS_LOG_STAFF_ID` FOREIGN KEY (`STAFF_ID`) REFERENCES `sys_staff` (`STAFF_ID`)
) ENGINE=InnoDB DEFAULT CHARSET=utf8;

/*Data for the table `sys_log` */

/*Table structure for table `sys_purview` */

DROP TABLE IF EXISTS `sys_purview`;

CREATE TABLE `sys_purview` (
  `PURVIEW_ID` bigint(12) NOT NULL,
  `NAME` varchar(60) NOT NULL,
  `CODE` varchar(60) NOT NULL,
  `PARENT_ID` bigint(12) DEFAULT NULL,
  `CREATE_TIME` datetime NOT NULL,
  `UPDATE_TIME` datetime NOT NULL,
  `DELETE_STATE` tinyint(1) NOT NULL COMMENT '1表示删除，0标识正常',
  `NOTES` varchar(255) DEFAULT NULL,
  PRIMARY KEY (`PURVIEW_ID`),
  KEY `IND_SYS_PUR_DEL_STA` (`DELETE_STATE`)
) ENGINE=InnoDB DEFAULT CHARSET=utf8;

/*Data for the table `sys_purview` */

insert  into `sys_purview`(`PURVIEW_ID`,`NAME`,`CODE`,`PARENT_ID`,`CREATE_TIME`,`UPDATE_TIME`,`DELETE_STATE`,`NOTES`) values (1,'个人信息管理菜单','PERSONAL_INFO_MGT_MENU',0,'2014-05-18 10:41:44','2014-05-18 10:41:44',0,''),(2,'书籍管理菜单','BOOK_MGMT_MENU',0,'2014-05-18 10:41:44','2014-05-18 10:41:44',0,NULL),(3,'资源管理菜单','RES_MGMT_MENU',0,'2014-05-18 10:41:44','2014-05-18 10:41:44',0,NULL),(11,'个人资料菜单','PERSONAL_INFO_MENU',1,'2014-05-18 10:41:44','2014-05-18 10:41:44',0,NULL),(12,'修改密码','PERSONAL_INFO_UPDATE_PWD',1,'2014-05-18 10:41:44','2014-05-18 10:41:44',0,NULL),(13,'授权信息菜单','AUTH_INFO_MENU',1,'2014-05-18 10:41:44','2014-05-18 10:41:44',0,NULL),(14,'账号管理菜单','ACNT_MGMT_MENU',1,'2014-05-18 10:41:44','2014-05-18 10:41:44',0,NULL),(15,'机构管理菜单','ORG_MGMT_MENU',1,'2014-05-18 10:41:44','2014-05-18 10:41:44',0,NULL),(16,'权限管理菜单','PRIVILEGE_MGMT_MENU',1,'2014-05-18 10:41:44','2014-05-18 10:41:44',0,NULL),(21,'书籍制作菜单','BOOK_MAKE_MENU',2,'2014-05-18 10:41:44','2014-05-18 10:41:44',0,NULL),(22,'书籍审核菜单','BOOK_AUDIT_MENU',2,'2014-05-18 10:41:44','2014-05-18 10:41:44',0,NULL),(23,'书籍发布菜单','BOOK_RELEASE_MENU',2,'2014-05-18 10:41:44','2014-05-18 10:41:44',0,NULL),(24,'注册码菜单','BOOK_REG_CODE_MGMT_MENU',2,'2014-05-18 10:41:44','2014-05-18 10:41:44',0,NULL),(25,'书籍查询菜单','BOOK_SEARCH_MENU',2,'2014-05-18 10:41:44','2014-05-18 10:41:44',0,NULL),(26,'书籍查询','BOOK_QUERY',2,'2014-05-18 10:41:44','2014-05-18 10:41:44',0,NULL),(27,'书籍详情','BOOK_DETAIL',2,'2014-05-18 10:41:44','2014-05-18 10:41:44',0,NULL),(28,'书籍下载','BOOK_DOWNLOAD',2,'2014-05-18 10:41:44','2014-05-18 10:41:44',0,NULL),(29,'书籍目录查询','BOOK_DIR_QUERY',2,'2014-05-18 10:41:44','2014-05-18 10:41:44',0,NULL),(31,'资源制作菜单','RES_MAKE_MENU',3,'2014-05-18 10:41:44','2014-05-18 10:41:44',0,NULL),(32,'资源审核菜单','RES_AUDIT_MENU',3,'2014-05-18 10:41:44','2014-05-18 10:41:44',0,NULL),(33,'资源发布菜单','RES_RELEASE_MENU',3,'2014-05-18 10:41:44','2014-05-18 10:41:44',0,NULL),(34,'资源查询菜单','RES_SEARCH_MENU',3,'2014-05-18 10:41:44','2014-05-18 10:41:44',0,NULL),(35,'资源查询','RES_QUERY',3,'2014-05-18 10:41:44','2014-05-18 10:41:44',0,NULL),(36,'资源详情','RES_DETAIL',3,'2014-05-18 10:41:44','2014-05-18 10:41:44',0,NULL),(37,'资源下载','RES_DOWNLOAD',3,'2014-05-18 10:41:44','2014-05-18 10:41:44',0,NULL),(111,'个人资料-保存','PERSONAL_INFO_SAVE',11,'2014-05-18 10:41:44','2014-05-18 10:41:44',0,NULL),(131,'授权信息-查询','AUTH_INFO_QUERY',13,'2014-05-18 10:41:44','2014-05-18 10:41:44',0,NULL),(132,'授权信息-设置','AUTH_INFO_UPDATE',13,'2014-05-18 10:41:44','2014-05-18 10:41:44',0,NULL),(141,'账号管理-增加','ACNT_ADD',14,'2014-05-18 10:41:44','2014-05-18 10:41:44',0,NULL),(142,'账号管理-删除','ACNT_REMOVE',14,'2014-05-18 10:41:44','2014-05-18 10:41:44',0,NULL),(143,'账号管理-修改','ACNT_UPDATE',14,'2014-05-18 10:41:44','2014-05-18 10:41:44',0,NULL),(144,'账号管理-详情','ACNT_DETAIL',14,'2014-05-18 10:41:44','2014-05-18 10:41:44',0,NULL),(151,'机构管理-增加','ORG_ADD',15,'2014-05-18 10:41:44','2014-05-18 10:41:44',0,NULL),(152,'机构管理-查询','ORG_QUERY',15,'2014-05-18 10:41:44','2014-05-18 10:41:44',0,NULL),(153,'机构管理-修改','ORG_UPDATE',15,'2014-05-18 10:41:44','2014-05-18 10:41:44',0,NULL),(154,'机构管理-删除','ORG_REMOVE',15,'2014-05-18 10:41:44','2014-05-18 10:41:44',0,NULL),(155,'机构管理-详情','ORG_DETAIL',15,'2014-05-18 10:41:44','2014-05-18 10:41:44',0,NULL),(161,'权限管理-查询','PRIVILEGE_QUERY',16,'2014-05-18 10:41:44','2014-05-18 10:41:44',0,NULL),(162,'权限管理-更新','PRIVILEGE_UPDATE',16,'2014-05-18 10:41:44','2014-05-18 10:41:44',0,NULL),(211,'书籍制作-增加','BOOK_ADD',21,'2014-05-18 10:41:44','2014-05-18 10:41:44',0,NULL),(212,'书籍制作-修改','BOOK_UPDATE',21,'2014-05-18 10:41:44','2014-05-18 10:41:44',0,NULL),(213,'书籍制作-删除','BOOK_REMOVE',21,'2014-05-18 10:41:44','2014-05-18 10:41:44',0,NULL),(214,'书籍制作-上传附件','BOOK_UPLOAD',21,'2014-05-18 10:41:44','2014-05-18 10:41:44',0,NULL),(215,'书籍制作-编辑目录','BOOK_EDIT_DIR',21,'2014-05-18 10:41:44','2014-05-18 10:41:44',0,NULL),(216,'书籍制作-提交审核','BOOK_COMMIT_AUDIT',21,'2014-05-18 10:41:44','2014-05-18 10:41:44',0,NULL),(217,'书籍制作-上传封面','BOOK_UPLOAD_COVER',21,'2014-05-18 10:41:44','2014-05-18 10:41:44',0,NULL),(221,'书籍审核-审核通过','BOOK_AUDIT_OK',22,'2014-05-18 10:41:44','2014-05-18 10:41:44',0,NULL),(222,'书籍审核-审核不通过','BOOK_AUDIT_NO',22,'2014-05-18 10:41:44','2014-05-18 10:41:44',0,NULL),(231,'书籍发布-上架','BOOK_ON_SHELF',23,'2014-05-18 10:41:44','2014-05-18 10:41:44',0,NULL),(232,'书籍发布-下架','BOOK_OFF_SHELF',23,'2014-05-18 10:41:44','2014-05-18 10:41:44',0,NULL),(241,'注册码-批量发行','BOOK_REG_CODE_BATCH_GEN',24,'2014-05-18 10:41:44','2014-05-18 10:41:44',0,NULL),(242,'注册码-批量删除','BOOK_REG_CODE_BATCH_REMOVE',24,'2014-05-18 10:41:44','2014-05-18 10:41:44',0,NULL),(251,'书籍查询-目录','BOOK_SEARCH_DIR',25,'2014-05-18 10:41:44','2014-05-18 10:41:44',0,NULL),(252,'书籍查询-资源','BOOK_SEARCH_RES',25,'2014-05-18 10:41:44','2014-05-18 10:41:44',0,NULL),(311,'资源制作-创建','RES_ADD',31,'2014-05-18 10:41:44','2014-05-18 10:41:44',0,NULL),(312,'资源制作-删除','RES_REMOVE',31,'2014-05-18 10:41:44','2014-05-18 10:41:44',0,NULL),(313,'资源制作-修改','RES_UPDATE',31,'2014-05-18 10:41:44','2014-05-18 10:41:44',0,NULL),(314,'资源制作-查询','RES_QUERY_BY_PAGE',31,'2014-05-18 10:41:44','2014-05-18 10:41:44',0,NULL),(315,'资源制作-上传附件','RES_UPLOAD',31,'2014-05-18 10:41:44','2014-05-18 10:41:44',0,NULL),(316,'资源制作-提交审核','RES_COMMIT_AUDIT',31,'2014-05-18 10:41:44','2014-05-18 10:41:44',0,NULL),(321,'资源审核-审核通过','RES_AUDIT_OK',32,'2014-05-18 10:41:44','2014-05-18 10:41:44',0,NULL),(322,'资源审核-审核不通过','RES_AUDIT_NO',32,'2014-05-18 10:41:44','2014-05-18 10:41:44',0,NULL),(331,'资源发布-上架','RES_ON_SHELF',33,'2014-05-18 10:41:44','2014-05-18 10:41:44',0,NULL),(332,'资源发布-下架','RES_OFF_SHELF',33,'2014-05-18 10:41:44','2014-05-18 10:41:44',0,NULL);

/*Table structure for table `sys_staff` */

DROP TABLE IF EXISTS `sys_staff`;

CREATE TABLE `sys_staff` (
  `STAFF_ID` bigint(12) NOT NULL AUTO_INCREMENT,
  `ORG_ID` bigint(12) DEFAULT NULL,
  `STAFF_TYPE_ID` bigint(12) DEFAULT NULL COMMENT '参照PUB_DDV表,普通用户，管理员用户',
  `NAME` varchar(20) NOT NULL,
  `CODE` varchar(20) NOT NULL,
  `PASSWORD` varchar(20) NOT NULL,
  `EMAIL` varchar(30) DEFAULT NULL,
  `VALID_DATE` date NOT NULL,
  `CREATE_TIME` datetime NOT NULL,
  `UPDATE_TIME` datetime NOT NULL,
  `DELETE_STATE` tinyint(1) NOT NULL COMMENT '1表示删除，0标识正常',
  `NOTES` varchar(255) DEFAULT NULL,
  PRIMARY KEY (`STAFF_ID`),
  UNIQUE KEY `IND_SYS_STAFF_CODE` (`CODE`,`DELETE_STATE`)
) ENGINE=InnoDB AUTO_INCREMENT=110 DEFAULT CHARSET=utf8;

/*Data for the table `sys_staff` */

insert  into `sys_staff`(`STAFF_ID`,`ORG_ID`,`STAFF_TYPE_ID`,`NAME`,`CODE`,`PASSWORD`,`EMAIL`,`VALID_DATE`,`CREATE_TIME`,`UPDATE_TIME`,`DELETE_STATE`,`NOTES`) values (1,1,62,'超级管理员','sysAdmin','1','','9999-01-01','2014-03-15 22:43:39','2014-07-08 14:46:10',0,''),(2,1,63,'ceshi','ceshi','1','','2014-05-31','2014-05-23 00:20:04','2014-05-23 00:20:04',0,''),(3,1,73,'teacher01','teacher01','1','','2024-05-25','2024-05-25 22:36:05','2024-05-25 22:36:05',0,''),(4,1,73,'test9','test9','1','','2024-05-26','2024-05-26 11:07:29','2024-05-26 11:07:29',0,''),(5,1,63,'Alice','wangxl','123456','','2014-05-30','2014-05-29 14:37:22','2014-05-29 14:37:55',0,'测试5-29'),(6,1,64,'wangshen','wangshen','123456','','2014-05-30','2014-05-29 15:32:38','2014-05-29 15:32:38',0,'制作审核员'),(7,1,73,'test0601','test0601','1','','2024-06-01','2024-06-01 04:26:09','2024-06-01 04:26:09',0,''),(8,0,73,'无锡幼儿园001','wxChild001','1','','2019-07-01','2014-07-02 11:38:20','2014-07-02 11:38:20',0,''),(9,0,73,'无锡幼儿园002','wxChild002','1','','2019-07-01','2014-07-08 19:01:57','2014-07-08 19:01:57',0,''),(11,0,73,'无锡幼儿园003','wxChild003','1','','2019-07-01','2014-07-08 19:05:40','2014-07-08 19:05:40',0,''),(13,0,73,'无锡幼儿园004','wxChild004','1','','2019-07-01','2014-07-08 19:08:17','2014-07-08 19:08:17',0,''),(14,0,73,'无锡幼儿园005','wxChild005','1','','2019-07-01','2014-07-08 19:08:26','2014-07-08 19:08:26',0,''),(15,0,73,'无锡幼儿园006','wxChild006','1','','2019-07-01','2014-07-08 19:08:31','2014-07-08 19:08:31',0,''),(16,0,73,'无锡幼儿园007','wxChild007','1','','2019-07-01','2014-07-08 19:08:36','2014-07-08 19:08:36',0,''),(17,0,73,'无锡幼儿园008','wxChild008','1','','2019-07-01','2014-07-08 19:08:36','2014-07-08 19:08:36',0,''),(18,0,73,'无锡幼儿园009','wxChild009','1','','2019-07-01','2014-07-08 19:08:36','2014-07-08 19:08:36',0,''),(19,0,73,'无锡幼儿园010','wxChild010','1','','2019-07-01','2014-07-08 19:08:36','2014-07-08 19:08:36',0,''),(20,0,73,'无锡幼儿园011','wxChild011','1','','2019-07-01','2014-07-08 19:08:36','2014-07-08 19:08:36',0,''),(21,0,73,'无锡幼儿园012','wxChild012','1','','2019-07-01','2014-07-08 19:08:36','2014-07-08 19:08:36',0,''),(22,0,73,'无锡幼儿园013','wxChild013','1','','2019-07-01','2014-07-08 19:08:36','2014-07-08 19:08:36',0,''),(23,0,73,'无锡幼儿园014','wxChild014','1','','2019-07-01','2014-07-08 19:08:36','2014-07-08 19:08:36',0,''),(24,0,73,'无锡幼儿园015','wxChild015','1','','2019-07-01','2014-07-08 19:08:36','2014-07-08 19:08:36',0,''),(25,0,73,'无锡幼儿园016','wxChild016','1','','2019-07-01','2014-07-08 19:08:36','2014-07-08 19:08:36',0,''),(26,0,73,'无锡幼儿园017','wxChild017','1','','2019-07-01','2014-07-08 19:08:36','2014-07-08 19:08:36',0,''),(27,0,73,'无锡幼儿园018','wxChild018','1','','2019-07-01','2014-07-08 19:08:36','2014-07-08 19:08:36',0,''),(28,0,73,'无锡幼儿园019','wxChild019','1','','2019-07-01','2014-07-08 19:08:36','2014-07-08 19:08:36',0,''),(29,0,73,'无锡幼儿园020','wxChild020','1','','2019-07-01','2014-07-08 19:08:36','2014-07-08 19:08:36',0,''),(30,0,73,'无锡幼儿园021','wxChild021','1','','2019-07-01','2014-07-08 19:08:36','2014-07-08 19:08:36',0,''),(31,0,73,'无锡幼儿园022','wxChild022','1','','2019-07-01','2014-07-08 19:08:36','2014-07-08 19:08:36',0,''),(32,0,73,'无锡幼儿园023','wxChild023','1','','2019-07-01','2014-07-08 19:08:36','2014-07-08 19:08:36',0,''),(33,0,73,'无锡幼儿园024','wxChild024','1','','2019-07-01','2014-07-08 19:08:36','2014-07-08 19:08:36',0,''),(34,0,73,'无锡幼儿园025','wxChild025','1','','2019-07-01','2014-07-08 19:08:36','2014-07-08 19:08:36',0,''),(35,0,73,'无锡幼儿园026','wxChild026','1','','2019-07-01','2014-07-08 19:08:36','2014-07-08 19:08:36',0,''),(36,0,73,'无锡幼儿园027','wxChild027','1','','2019-07-01','2014-07-08 19:08:36','2014-07-08 19:08:36',0,''),(37,0,73,'无锡幼儿园028','wxChild028','1','','2019-07-01','2014-07-08 19:08:36','2014-07-08 19:08:36',0,''),(38,0,73,'无锡幼儿园029','wxChild029','1','','2019-07-01','2014-07-08 19:08:36','2014-07-08 19:08:36',0,''),(39,0,73,'无锡幼儿园030','wxChild030','1','','2019-07-01','2014-07-08 19:08:36','2014-07-08 19:08:36',0,''),(40,0,73,'无锡幼儿园031','wxChild031','1','','2019-07-01','2014-07-08 19:08:36','2014-07-08 19:08:36',0,''),(41,0,73,'无锡幼儿园032','wxChild032','1','','2019-07-01','2014-07-08 19:08:36','2014-07-08 19:08:36',0,''),(42,0,73,'无锡幼儿园033','wxChild033','1','','2019-07-01','2014-07-08 19:08:36','2014-07-08 19:08:36',0,''),(43,0,73,'无锡幼儿园034','wxChild034','1','','2019-07-01','2014-07-08 19:08:36','2014-07-08 19:08:36',0,''),(44,0,73,'无锡幼儿园035','wxChild035','1','','2019-07-01','2014-07-08 19:08:36','2014-07-08 19:08:36',0,''),(45,0,73,'无锡幼儿园036','wxChild036','1','','2019-07-01','2014-07-08 19:08:36','2014-07-08 19:08:36',0,''),(46,0,73,'无锡幼儿园037','wxChild037','1','','2019-07-01','2014-07-08 19:08:36','2014-07-08 19:08:36',0,''),(47,0,73,'无锡幼儿园038','wxChild038','1','','2019-07-01','2014-07-08 19:08:36','2014-07-08 19:08:36',0,''),(48,0,73,'无锡幼儿园039','wxChild039','1','','2019-07-01','2014-07-08 19:08:36','2014-07-08 19:08:36',0,''),(49,0,73,'无锡幼儿园040','wxChild040','1','','2019-07-01','2014-07-08 19:08:36','2014-07-08 19:08:36',0,''),(50,0,73,'无锡幼儿园041','wxChild041','1','','2019-07-01','2014-07-08 19:08:36','2014-07-08 19:08:36',0,''),(51,0,73,'无锡幼儿园042','wxChild042','1','','2019-07-01','2014-07-08 19:08:36','2014-07-08 19:08:36',0,''),(52,0,73,'无锡幼儿园043','wxChild043','1','','2019-07-01','2014-07-08 19:08:36','2014-07-08 19:08:36',0,''),(53,0,73,'无锡幼儿园044','wxChild044','1','','2019-07-01','2014-07-08 19:08:36','2014-07-08 19:08:36',0,''),(54,0,73,'无锡幼儿园045','wxChild045','1','','2019-07-01','2014-07-08 19:08:36','2014-07-08 19:08:36',0,''),(55,0,73,'无锡幼儿园046','wxChild046','1','','2019-07-01','2014-07-08 19:08:36','2014-07-08 19:08:36',0,''),(56,0,73,'无锡幼儿园047','wxChild047','1','','2019-07-01','2014-07-08 19:08:36','2014-07-08 19:08:36',0,''),(57,0,73,'无锡幼儿园048','wxChild048','1','','2019-07-01','2014-07-08 19:08:36','2014-07-08 19:08:36',0,''),(58,0,73,'无锡幼儿园049','wxChild049','1','','2019-07-01','2014-07-08 19:08:36','2014-07-08 19:08:36',0,''),(59,0,73,'无锡幼儿园050','wxChild050','1','','2019-07-01','2014-07-08 19:08:36','2014-07-08 19:08:36',0,''),(60,0,73,'无锡幼儿园051','wxChild051','1','','2019-07-01','2014-07-08 19:08:36','2014-07-08 19:08:36',0,''),(61,0,73,'无锡幼儿园052','wxChild052','1','','2019-07-01','2014-07-08 19:08:36','2014-07-08 19:08:36',0,''),(62,0,73,'无锡幼儿园053','wxChild053','1','','2019-07-01','2014-07-08 19:08:36','2014-07-08 19:08:36',0,''),(63,0,73,'无锡幼儿园054','wxChild054','1','','2019-07-01','2014-07-08 19:08:36','2014-07-08 19:08:36',0,''),(64,0,73,'无锡幼儿园055','wxChild055','1','','2019-07-01','2014-07-08 19:08:36','2014-07-08 19:08:36',0,''),(65,0,73,'无锡幼儿园056','wxChild056','1','','2019-07-01','2014-07-08 19:08:36','2014-07-08 19:08:36',0,''),(66,0,73,'无锡幼儿园057','wxChild057','1','','2019-07-01','2014-07-08 19:08:36','2014-07-08 19:08:36',0,''),(67,0,73,'无锡幼儿园058','wxChild058','1','','2019-07-01','2014-07-08 19:08:36','2014-07-08 19:08:36',0,''),(68,0,73,'无锡幼儿园059','wxChild059','1','','2019-07-01','2014-07-08 19:08:36','2014-07-08 19:08:36',0,''),(69,0,73,'无锡幼儿园060','wxChild060','1','','2019-07-01','2014-07-08 19:08:36','2014-07-08 19:08:36',0,''),(70,0,73,'无锡幼儿园061','wxChild061','1','','2019-07-01','2014-07-08 19:08:36','2014-07-08 19:08:36',0,''),(71,0,73,'无锡幼儿园062','wxChild062','1','','2019-07-01','2014-07-08 19:08:36','2014-07-08 19:08:36',0,''),(72,0,73,'无锡幼儿园063','wxChild063','1','','2019-07-01','2014-07-08 19:08:36','2014-07-08 19:08:36',0,''),(73,0,73,'无锡幼儿园064','wxChild064','1','','2019-07-01','2014-07-08 19:08:36','2014-07-08 19:08:36',0,''),(74,0,73,'无锡幼儿园065','wxChild065','1','','2019-07-01','2014-07-08 19:08:36','2014-07-08 19:08:36',0,''),(75,0,73,'无锡幼儿园066','wxChild066','1','','2019-07-01','2014-07-08 19:08:36','2014-07-08 19:08:36',0,''),(76,0,73,'无锡幼儿园067','wxChild067','1','','2019-07-01','2014-07-08 19:08:36','2014-07-08 19:08:36',0,''),(77,0,73,'无锡幼儿园068','wxChild068','1','','2019-07-01','2014-07-08 19:08:36','2014-07-08 19:08:36',0,''),(78,0,73,'无锡幼儿园069','wxChild069','1','','2019-07-01','2014-07-08 19:08:36','2014-07-08 19:08:36',0,''),(79,0,73,'无锡幼儿园070','wxChild070','1','','2019-07-01','2014-07-08 19:08:36','2014-07-08 19:08:36',0,''),(80,0,73,'无锡幼儿园071','wxChild071','1','','2019-07-01','2014-07-08 19:08:36','2014-07-08 19:08:36',0,''),(81,0,73,'无锡幼儿园072','wxChild072','1','','2019-07-01','2014-07-08 19:08:36','2014-07-08 19:08:36',0,''),(82,0,73,'无锡幼儿园073','wxChild073','1','','2019-07-01','2014-07-08 19:08:36','2014-07-08 19:08:36',0,''),(83,0,73,'无锡幼儿园074','wxChild074','1','','2019-07-01','2014-07-08 19:08:36','2014-07-08 19:08:36',0,''),(84,0,73,'无锡幼儿园075','wxChild075','1','','2019-07-01','2014-07-08 19:08:36','2014-07-08 19:08:36',0,''),(85,0,73,'无锡幼儿园076','wxChild076','1','','2019-07-01','2014-07-08 19:08:36','2014-07-08 19:08:36',0,''),(86,0,73,'无锡幼儿园077','wxChild077','1','','2019-07-01','2014-07-08 19:08:36','2014-07-08 19:08:36',0,''),(87,0,73,'无锡幼儿园078','wxChild078','1','','2019-07-01','2014-07-08 19:08:36','2014-07-08 19:08:36',0,''),(88,0,73,'无锡幼儿园079','wxChild079','1','','2019-07-01','2014-07-08 19:08:36','2014-07-08 19:08:36',0,''),(89,0,73,'无锡幼儿园080','wxChild080','1','','2019-07-01','2014-07-08 19:08:36','2014-07-08 19:08:36',0,''),(90,0,73,'无锡幼儿园081','wxChild081','1','','2019-07-01','2014-07-08 19:08:36','2014-07-08 19:08:36',0,''),(91,0,73,'无锡幼儿园082','wxChild082','1','','2019-07-01','2014-07-08 19:08:36','2014-07-08 19:08:36',0,''),(92,0,73,'无锡幼儿园083','wxChild083','1','','2019-07-01','2014-07-08 19:08:36','2014-07-08 19:08:36',0,''),(93,0,73,'无锡幼儿园084','wxChild084','1','','2019-07-01','2014-07-08 19:08:36','2014-07-08 19:08:36',0,''),(94,0,73,'无锡幼儿园085','wxChild085','1','','2019-07-01','2014-07-08 19:08:36','2014-07-08 19:08:36',0,''),(95,0,73,'无锡幼儿园086','wxChild086','1','','2019-07-01','2014-07-08 19:08:36','2014-07-08 19:08:36',0,''),(96,0,73,'无锡幼儿园087','wxChild087','1','','2019-07-01','2014-07-08 19:08:36','2014-07-08 19:08:36',0,''),(97,0,73,'无锡幼儿园088','wxChild088','1','','2019-07-01','2014-07-08 19:08:36','2014-07-08 19:08:36',0,''),(98,0,73,'无锡幼儿园089','wxChild089','1','','2019-07-01','2014-07-08 19:08:36','2014-07-08 19:08:36',0,''),(99,0,73,'无锡幼儿园090','wxChild090','1','','2019-07-01','2014-07-08 19:08:36','2014-07-08 19:08:36',0,''),(100,0,73,'无锡幼儿园091','wxChild091','1','','2019-07-01','2014-07-08 19:08:36','2014-07-08 19:08:36',0,''),(101,0,73,'无锡幼儿园092','wxChild092','1','','2019-07-01','2014-07-08 19:08:36','2014-07-08 19:08:36',0,''),(102,0,73,'无锡幼儿园093','wxChild093','1','','2019-07-01','2014-07-08 19:08:36','2014-07-08 19:08:36',0,''),(103,0,73,'无锡幼儿园094','wxChild094','1','','2019-07-01','2014-07-08 19:08:36','2014-07-08 19:08:36',0,''),(104,0,73,'无锡幼儿园095','wxChild095','1','','2019-07-01','2014-07-08 19:08:36','2014-07-08 19:08:36',0,''),(105,0,73,'无锡幼儿园096','wxChild096','1','','2019-07-01','2014-07-08 19:08:36','2014-07-08 19:08:36',0,''),(106,0,73,'无锡幼儿园097','wxChild097','1','','2019-07-01','2014-07-08 19:08:36','2014-07-08 19:08:36',0,''),(107,0,73,'无锡幼儿园098','wxChild098','1','','2019-07-01','2014-07-08 19:08:36','2014-07-08 19:08:36',0,''),(108,0,73,'无锡幼儿园099','wxChild099','1','','2019-07-01','2014-07-08 19:08:36','2014-07-08 19:08:36',0,''),(109,0,73,'无锡幼儿园100','wxChild100','1','','2019-07-01','2014-07-08 19:08:36','2014-07-08 19:08:36',0,'');

/*Table structure for table `sys_staff_purview` */

DROP TABLE IF EXISTS `sys_staff_purview`;

CREATE TABLE `sys_staff_purview` (
  `STA_PUR_ID` bigint(12) NOT NULL AUTO_INCREMENT,
  `STAFF_ID` bigint(12) DEFAULT NULL,
  `PURVIEW_ID` bigint(12) DEFAULT NULL,
  `CREATE_TIME` datetime NOT NULL,
  `UPDATE_TIME` datetime NOT NULL,
  `DELETE_STATE` tinyint(1) NOT NULL COMMENT '1表示删除，0标识正常',
  `CFG_STAFF_ID` bigint(12) DEFAULT NULL,
  `NOTES` varchar(255) DEFAULT NULL,
  PRIMARY KEY (`STA_PUR_ID`),
  KEY `IND_SSP_STAFF_ID` (`STAFF_ID`,`DELETE_STATE`)
) ENGINE=InnoDB AUTO_INCREMENT=132 DEFAULT CHARSET=utf8;

/*Data for the table `sys_staff_purview` */

insert  into `sys_staff_purview`(`STA_PUR_ID`,`STAFF_ID`,`PURVIEW_ID`,`CREATE_TIME`,`UPDATE_TIME`,`DELETE_STATE`,`CFG_STAFF_ID`,`NOTES`) values (1,1,1,'2014-03-15 22:43:39','2014-05-18 10:42:24',0,1,''),(2,1,16,'2014-03-15 22:43:39','2014-05-18 10:42:24',0,1,''),(3,1,161,'2014-03-15 22:43:39','2014-05-18 10:42:24',0,1,''),(4,1,162,'2014-03-15 22:43:39','2014-05-18 10:42:24',0,1,''),(5,1,11,'2014-05-18 10:42:24','2014-05-18 10:42:24',0,1,''),(6,1,111,'2014-05-18 10:42:24','2014-05-18 10:42:24',0,1,''),(7,1,12,'2014-05-18 10:42:24','2014-05-18 10:42:24',0,1,''),(8,1,13,'2014-05-18 10:42:24','2014-05-18 10:42:24',0,1,''),(9,1,131,'2014-05-18 10:42:24','2014-05-18 10:42:24',0,1,''),(10,1,132,'2014-05-18 10:42:24','2014-05-18 10:42:24',0,1,''),(11,1,14,'2014-05-18 10:42:24','2014-05-18 10:42:24',0,1,''),(12,1,141,'2014-05-18 10:42:24','2014-05-18 10:42:24',0,1,''),(13,1,142,'2014-05-18 10:42:24','2014-05-18 10:42:24',0,1,''),(14,1,143,'2014-05-18 10:42:24','2014-05-18 10:42:24',0,1,''),(15,1,144,'2014-05-18 10:42:24','2014-05-18 10:42:24',0,1,''),(16,1,15,'2014-05-18 10:42:24','2014-05-18 10:42:24',0,1,''),(17,1,151,'2014-05-18 10:42:24','2014-05-18 10:42:24',0,1,''),(18,1,152,'2014-05-18 10:42:24','2014-05-18 10:42:24',0,1,''),(19,1,153,'2014-05-18 10:42:24','2014-05-18 10:42:24',0,1,''),(20,1,154,'2014-05-18 10:42:24','2014-05-18 10:42:24',0,1,''),(21,1,155,'2014-05-18 10:42:24','2014-05-18 10:42:24',0,1,''),(22,1,2,'2014-05-18 10:42:24','2014-05-18 10:42:24',0,1,''),(23,1,21,'2014-05-18 10:42:24','2014-05-18 10:42:24',0,1,''),(24,1,211,'2014-05-18 10:42:24','2014-05-18 10:42:24',0,1,''),(25,1,212,'2014-05-18 10:42:24','2014-05-18 10:42:24',0,1,''),(26,1,213,'2014-05-18 10:42:24','2014-05-18 10:42:24',0,1,''),(27,1,214,'2014-05-18 10:42:24','2014-05-18 10:42:24',0,1,''),(28,1,215,'2014-05-18 10:42:24','2014-05-18 10:42:24',0,1,''),(29,1,216,'2014-05-18 10:42:24','2014-05-18 10:42:24',0,1,''),(30,1,217,'2014-05-18 10:42:24','2014-05-18 10:42:24',0,1,''),(31,1,22,'2014-05-18 10:42:24','2014-05-18 10:42:24',0,1,''),(32,1,221,'2014-05-18 10:42:24','2014-05-18 10:42:24',0,1,''),(33,1,222,'2014-05-18 10:42:24','2014-05-18 10:42:24',0,1,''),(34,1,23,'2014-05-18 10:42:24','2014-05-18 10:42:24',0,1,''),(35,1,231,'2014-05-18 10:42:24','2014-05-18 10:42:24',0,1,''),(36,1,232,'2014-05-18 10:42:24','2014-05-18 10:42:24',0,1,''),(37,1,24,'2014-05-18 10:42:24','2014-05-18 10:42:24',0,1,''),(38,1,241,'2014-05-18 10:42:24','2014-05-18 10:42:24',0,1,''),(39,1,242,'2014-05-18 10:42:24','2014-05-18 10:42:24',0,1,''),(40,1,25,'2014-05-18 10:42:24','2014-05-18 10:42:24',0,1,''),(41,1,251,'2014-05-18 10:42:24','2014-05-18 10:42:24',0,1,''),(42,1,252,'2014-05-18 10:42:24','2014-05-18 10:42:24',0,1,''),(43,1,26,'2014-05-18 10:42:24','2014-05-18 10:42:24',0,1,''),(44,1,27,'2014-05-18 10:42:24','2014-05-18 10:42:24',0,1,''),(45,1,28,'2014-05-18 10:42:24','2014-05-18 10:42:24',0,1,''),(46,1,29,'2014-05-18 10:42:24','2014-05-18 10:42:24',0,1,''),(47,1,3,'2014-05-18 10:42:24','2014-05-18 10:42:24',0,1,''),(48,1,31,'2014-05-18 10:42:24','2014-05-18 10:42:24',0,1,''),(49,1,311,'2014-05-18 10:42:24','2014-05-18 10:42:24',0,1,''),(50,1,312,'2014-05-18 10:42:24','2014-05-18 10:42:24',0,1,''),(51,1,313,'2014-05-18 10:42:24','2014-05-18 10:42:24',0,1,''),(52,1,314,'2014-05-18 10:42:24','2014-05-18 10:42:24',0,1,''),(53,1,315,'2014-05-18 10:42:24','2014-05-18 10:42:24',0,1,''),(54,1,316,'2014-05-18 10:42:24','2014-05-18 10:42:24',0,1,''),(55,1,32,'2014-05-18 10:42:24','2014-05-18 10:42:24',0,1,''),(56,1,321,'2014-05-18 10:42:24','2014-05-18 10:42:24',0,1,''),(57,1,322,'2014-05-18 10:42:24','2014-05-18 10:42:24',0,1,''),(58,1,33,'2014-05-18 10:42:24','2014-05-18 10:42:24',0,1,''),(59,1,331,'2014-05-18 10:42:24','2014-05-18 10:42:24',0,1,''),(60,1,332,'2014-05-18 10:42:24','2014-05-18 10:42:24',0,1,''),(61,1,34,'2014-05-18 10:42:24','2014-05-18 10:42:24',0,1,''),(62,1,35,'2014-05-18 10:42:24','2014-05-18 10:42:24',0,1,''),(63,1,36,'2014-05-18 10:42:24','2014-05-18 10:42:24',0,1,''),(64,1,37,'2014-05-18 10:42:24','2014-05-18 10:42:24',0,1,''),(65,5,1,'2014-05-29 14:40:16','2014-05-29 14:40:33',1,1,''),(66,5,11,'2014-05-29 14:40:16','2014-05-29 14:40:33',1,1,''),(67,5,111,'2014-05-29 14:40:16','2014-05-29 14:40:33',1,1,''),(68,5,12,'2014-05-29 14:40:16','2014-05-29 14:40:33',1,1,''),(69,5,13,'2014-05-29 14:40:16','2014-05-29 14:40:33',1,1,''),(70,5,131,'2014-05-29 14:40:16','2014-05-29 14:40:33',1,1,''),(71,5,132,'2014-05-29 14:40:16','2014-05-29 14:40:33',1,1,''),(72,5,14,'2014-05-29 14:40:16','2014-05-29 14:40:33',1,1,''),(73,5,141,'2014-05-29 14:40:16','2014-05-29 14:40:33',1,1,''),(74,5,142,'2014-05-29 14:40:16','2014-05-29 14:40:33',1,1,''),(75,5,143,'2014-05-29 14:40:16','2014-05-29 14:40:33',1,1,''),(76,5,144,'2014-05-29 14:40:16','2014-05-29 14:40:33',1,1,''),(77,5,15,'2014-05-29 14:40:16','2014-05-29 14:40:33',1,1,''),(78,5,151,'2014-05-29 14:40:16','2014-05-29 14:40:33',1,1,''),(79,5,152,'2014-05-29 14:40:16','2014-05-29 14:40:33',1,1,''),(80,5,153,'2014-05-29 14:40:16','2014-05-29 14:40:33',1,1,''),(81,5,154,'2014-05-29 14:40:16','2014-05-29 14:40:33',1,1,''),(82,5,155,'2014-05-29 14:40:16','2014-05-29 14:40:33',1,1,''),(83,5,16,'2014-05-29 14:40:16','2014-05-29 14:40:33',1,1,''),(84,5,161,'2014-05-29 14:40:16','2014-05-29 14:40:33',1,1,''),(85,5,162,'2014-05-29 14:40:16','2014-05-29 14:40:33',1,1,''),(86,5,2,'2014-05-29 14:40:16','2014-05-29 14:40:50',0,1,''),(87,5,21,'2014-05-29 14:40:16','2014-05-29 14:40:50',0,1,''),(88,5,211,'2014-05-29 14:40:16','2014-05-29 14:40:50',0,1,''),(89,5,212,'2014-05-29 14:40:16','2014-05-29 14:40:50',0,1,''),(90,5,213,'2014-05-29 14:40:16','2014-05-29 14:40:50',0,1,''),(91,5,214,'2014-05-29 14:40:16','2014-05-29 14:40:50',0,1,''),(92,5,215,'2014-05-29 14:40:16','2014-05-29 14:40:50',0,1,''),(93,5,216,'2014-05-29 14:40:16','2014-05-29 14:40:50',0,1,''),(94,5,217,'2014-05-29 14:40:16','2014-05-29 14:40:50',0,1,''),(95,5,22,'2014-05-29 14:40:16','2014-05-29 14:40:50',0,1,''),(96,5,221,'2014-05-29 14:40:16','2014-05-29 14:40:50',0,1,''),(97,5,222,'2014-05-29 14:40:16','2014-05-29 14:40:50',0,1,''),(98,5,23,'2014-05-29 14:40:16','2014-05-29 14:40:50',0,1,''),(99,5,231,'2014-05-29 14:40:16','2014-05-29 14:40:50',0,1,''),(100,5,232,'2014-05-29 14:40:16','2014-05-29 14:40:50',0,1,''),(101,5,24,'2014-05-29 14:40:16','2014-05-29 14:40:50',0,1,''),(102,5,241,'2014-05-29 14:40:16','2014-05-29 14:40:50',0,1,''),(103,5,242,'2014-05-29 14:40:16','2014-05-29 14:40:50',0,1,''),(104,5,25,'2014-05-29 14:40:16','2014-05-29 14:40:50',0,1,''),(105,5,251,'2014-05-29 14:40:16','2014-05-29 14:40:50',0,1,''),(106,5,252,'2014-05-29 14:40:16','2014-05-29 14:40:50',0,1,''),(107,5,26,'2014-05-29 14:40:16','2014-05-29 14:40:50',0,1,''),(108,5,27,'2014-05-29 14:40:16','2014-05-29 14:40:50',0,1,''),(109,5,28,'2014-05-29 14:40:16','2014-05-29 14:40:50',0,1,''),(110,5,29,'2014-05-29 14:40:16','2014-05-29 14:40:50',0,1,''),(111,5,3,'2014-05-29 14:40:16','2014-05-29 14:40:50',0,1,''),(112,5,31,'2014-05-29 14:40:16','2014-05-29 14:40:50',0,1,''),(113,5,311,'2014-05-29 14:40:16','2014-05-29 14:40:50',0,1,''),(114,5,312,'2014-05-29 14:40:16','2014-05-29 14:40:50',0,1,''),(115,5,313,'2014-05-29 14:40:16','2014-05-29 14:40:50',0,1,''),(116,5,314,'2014-05-29 14:40:16','2014-05-29 14:40:50',0,1,''),(117,5,315,'2014-05-29 14:40:16','2014-05-29 14:40:50',0,1,''),(118,5,316,'2014-05-29 14:40:16','2014-05-29 14:40:50',0,1,''),(119,5,32,'2014-05-29 14:40:16','2014-05-29 14:40:50',0,1,''),(120,5,321,'2014-05-29 14:40:16','2014-05-29 14:40:50',0,1,''),(121,5,322,'2014-05-29 14:40:16','2014-05-29 14:40:50',0,1,''),(122,5,33,'2014-05-29 14:40:16','2014-05-29 14:40:50',0,1,''),(123,5,331,'2014-05-29 14:40:16','2014-05-29 14:40:50',0,1,''),(124,5,332,'2014-05-29 14:40:16','2014-05-29 14:40:50',0,1,''),(125,5,34,'2014-05-29 14:40:16','2014-05-29 14:40:50',0,1,''),(126,5,35,'2014-05-29 14:40:16','2014-05-29 14:40:50',0,1,''),(127,5,36,'2014-05-29 14:40:16','2014-05-29 14:40:50',0,1,''),(128,5,37,'2014-05-29 14:40:16','2014-05-29 14:40:50',0,1,''),(129,6,22,'2014-05-29 15:32:55','2014-05-29 15:32:55',0,1,''),(130,6,221,'2014-05-29 15:32:55','2014-05-29 15:32:55',0,1,''),(131,6,222,'2014-05-29 15:32:55','2014-05-29 15:32:55',0,1,'');

/*Table structure for table `sys_staff_reg_code` */

DROP TABLE IF EXISTS `sys_staff_reg_code`;

CREATE TABLE `sys_staff_reg_code` (
  `SSRC_ID` bigint(12) NOT NULL AUTO_INCREMENT,
  `STAFF_ID` bigint(12) NOT NULL,
  `BOOK_ID` bigint(12) NOT NULL,
  `REG_CODE_ID` bigint(12) NOT NULL,
  `CREATE_TIME` datetime NOT NULL,
  `UPDATE_TIME` datetime NOT NULL,
  `DELETE_STATE` tinyint(1) NOT NULL DEFAULT '0' COMMENT '1表示删除，0标识正常',
  `NOTES` varchar(255) DEFAULT NULL,
  PRIMARY KEY (`SSRC_ID`)
) ENGINE=InnoDB AUTO_INCREMENT=32 DEFAULT CHARSET=utf8;

/*Data for the table `sys_staff_reg_code` */

insert  into `sys_staff_reg_code`(`SSRC_ID`,`STAFF_ID`,`BOOK_ID`,`REG_CODE_ID`,`CREATE_TIME`,`UPDATE_TIME`,`DELETE_STATE`,`NOTES`) values (1,1,1,1,'2014-05-21 00:00:00','2014-05-21 00:00:00',0,NULL),(2,1,1,1,'2014-05-21 00:00:00','2014-05-21 00:00:00',0,NULL),(3,1,1,1,'2014-05-21 00:00:00','2014-05-21 00:00:00',0,NULL),(4,1,9,19,'2014-05-29 00:00:00','2014-05-29 00:00:00',0,NULL),(5,1,8,8,'2014-06-02 00:00:00','2014-06-02 00:00:00',0,NULL),(6,1,8,9,'2014-06-02 00:00:00','2014-06-02 00:00:00',0,NULL),(7,1,8,8,'2014-06-02 00:00:00','2014-06-02 00:00:00',0,NULL),(8,1,12,21,'2014-06-05 00:00:00','2014-06-05 00:00:00',0,NULL),(9,1,13,22,'2014-06-05 00:00:00','2014-06-05 00:00:00',0,NULL),(10,1,20,24,'2014-07-03 00:00:00','2014-07-03 00:00:00',0,NULL),(11,1,20,25,'2014-07-03 00:00:00','2014-07-03 00:00:00',0,NULL),(12,1,20,24,'2014-07-03 00:00:00','2014-07-03 00:00:00',0,NULL),(13,1,20,28,'2014-07-07 00:00:00','2014-07-07 00:00:00',0,NULL),(14,1,20,28,'2014-07-07 00:00:00','2014-07-07 00:00:00',0,NULL),(15,1,20,28,'2014-07-07 00:00:00','2014-07-07 00:00:00',0,NULL),(16,8,20,32,'2014-07-12 00:00:00','2014-07-12 00:00:00',0,NULL),(17,8,20,32,'2014-07-12 00:00:00','2014-07-12 00:00:00',0,NULL),(18,8,20,32,'2014-07-12 00:00:00','2014-07-12 00:00:00',0,NULL),(19,8,20,32,'2014-07-12 00:00:00','2014-07-12 00:00:00',0,NULL),(20,8,20,32,'2014-07-12 00:00:00','2014-07-12 00:00:00',0,NULL),(21,8,20,32,'2014-07-12 00:00:00','2014-07-12 00:00:00',0,NULL),(22,8,20,32,'2014-07-12 00:00:00','2014-07-12 00:00:00',0,NULL),(23,8,20,32,'2014-07-12 00:00:00','2014-07-12 00:00:00',0,NULL),(24,8,20,32,'2014-07-12 00:00:00','2014-07-12 00:00:00',0,NULL),(25,8,20,32,'2014-07-12 00:00:00','2014-07-12 00:00:00',0,NULL),(26,8,22,33,'2014-07-12 00:00:00','2014-07-12 00:00:00',0,NULL),(27,1,21,33,'2014-07-13 00:00:00','2014-07-13 00:00:00',0,NULL),(28,1,22,33,'2014-07-13 00:00:00','2014-07-13 00:00:00',0,NULL),(29,1,20,32,'2014-07-13 00:00:00','2014-07-13 00:00:00',0,NULL),(30,1,23,35,'2014-07-13 00:00:00','2014-07-13 00:00:00',0,NULL),(31,1,22,35,'2014-07-13 00:00:00','2014-07-13 00:00:00',0,NULL);

/*!40101 SET SQL_MODE=@OLD_SQL_MODE */;
/*!40014 SET FOREIGN_KEY_CHECKS=@OLD_FOREIGN_KEY_CHECKS */;
/*!40014 SET UNIQUE_CHECKS=@OLD_UNIQUE_CHECKS */;
/*!40111 SET SQL_NOTES=@OLD_SQL_NOTES */;
